certificateNo,certificateType,expirationDate,name,bankCard
110107194804041486,1,2021-09-10 13:41:33,慕容无超,6216172700135142
110108199808152676,1,2021-09-10 13:41:33,养康,6229310949928407
11010519540125100X,1,2021-09-10 13:41:33,和歌行,6226593685156746
362427195503061402,1,2021-09-10 13:41:33,满忠丹,62108161057364003
362429196712311022,1,2021-09-10 13:41:33,沃霭,6217688897416572
362432199503282802,1,2021-09-10 13:41:33,施易震,6222329330125313
362427199603202530,1,2021-09-10 13:41:33,诸芸,6226193904187455
110101195807291647,1,2021-09-10 13:41:33,柳钰舒,436718107898641057
362432200405261691,1,2021-09-10 13:41:33,归易欢,622228321671051016
11010719970310193X,1,2021-09-10 13:41:33,茅宁,40966761681015751
110101199109181335,1,2021-09-10 13:41:33,养仁致,6259309551021101023
362424196106212815,1,2021-09-10 13:41:33,乜茂,3568857290509695
110111194807131617,1,2021-09-10 13:41:33,鱼都全,62242535610799523
110101201312112369,1,2021-09-10 13:41:33,皮先,3702496222948106
362426194810071205,1,2021-09-10 13:41:33,夏侯无宁,62232321062357702
362428196111151418,1,2021-09-10 13:41:33,殳文,621768100604942105
36242520200619137X,1,2021-09-10 13:41:33,万俟彬,6229663510910255103
110109195111212323,1,2021-09-10 13:41:33,屈马寒,5899703750134985
110101194911082648,1,2021-09-10 13:41:33,裘家,621771810469610929
110100195105142667,1,2021-09-10 13:41:33,闾丘园,6210147288934310
362423201501291266,1,2021-09-10 13:41:33,廖被韵,62825859968861106
362428198702162492,1,2021-09-10 13:41:33,池心,6209054010111005109
362428198712302989,1,2021-09-10 13:41:33,亢琼,52403196319256103
110108195203211647,1,2021-09-10 13:41:33,郦珍,62823310063950016
362421195505122397,1,2021-09-10 13:41:33,庾易慧,5899706471784442
362429195912261715,1,2021-09-10 13:41:33,管思,6216223838472749
110105198606131531,1,2021-09-10 13:41:33,荆维,62256811014899943
362426195012301540,1,2021-09-10 13:41:33,喻河,3568823678053474
110111197801241990,1,2021-09-10 13:41:33,笪中,628260134578510109
36242219800521181X,1,2021-09-10 13:41:33,劳信华,940020910265797103
362422201307052492,1,2021-09-10 13:41:33,公西笑真,621282109108062606
362422198103191066,1,2021-09-10 13:41:33,钭维,62191457810608142
110109197809101739,1,2021-09-10 13:41:33,丘司凯妹,62230863581020784
110111197611041402,1,2021-09-10 13:41:33,盖蓉,62290331973910167
110101198405112777,1,2021-09-10 13:41:33,文九筠,6212164007580314
362428199605011056,1,2021-09-10 13:41:33,钱金柔,428911191053710172
362421196901231450,1,2021-09-10 13:41:33,方赫忠姬,6213519595538553
110104195511051213,1,2021-09-10 13:41:33,何马峰,6220104671873611
110102196712212249,1,2021-09-10 13:41:33,游中菊,622309333028104232733
362422196606081249,1,2021-09-10 13:41:33,潘艺,552853101055166445
362421201306182707,1,2021-09-10 13:41:33,崔孝轮,62262621970110900
362422196803021480,1,2021-09-10 13:41:33,黄器泰,62270691088545651
110105202002142888,1,2021-09-10 13:41:33,伊卡嘉,6033671428123729
362425200412252415,1,2021-09-10 13:41:33,南宫娴,62257606410041879
362428195106121068,1,2021-09-10 13:41:33,支信豪,48701385110174246
362430200006071871,1,2021-09-10 13:41:33,宋忠宁,6223158952155293
110105194910212195,1,2021-09-10 13:41:33,公良上伦,62108010318353695
110101198901011422,1,2021-09-10 13:41:33,陈忠会,6229996788867423
110100197312201243,1,2021-09-10 13:41:33,水艳,940049109751100909
362425200509202385,1,2021-09-10 13:41:33,山凝,62190310586989645
362427197506202556,1,2021-09-10 13:41:33,鄂宁,622309333082359210738
110108201710022945,1,2021-09-10 13:41:33,满凯宜,62390148345721109
362402201304241399,1,2021-09-10 13:41:33,颜好强,6858001051011823108
362432196605172651,1,2021-09-10 13:41:33,索仁敬,62223317105708449
362430195506041878,1,2021-09-10 13:41:33,惠歌会,6270687852432156
36242920200410133X,1,2021-09-10 13:41:33,隗岚,843732742509630
362426196703162839,1,2021-09-10 13:41:33,师明,6258098471686881
362430202005201311,1,2021-09-10 13:41:33,夏成,6222767247235974
11010320060323142X,1,2021-09-10 13:41:33,巢中亮,62172066110964817
110102196108301317,1,2021-09-10 13:41:33,濮阳斌,62820622351834105
362423197710142727,1,2021-09-10 13:41:33,胥加黛,4367388812078234
110108201811062145,1,2021-09-10 13:41:33,邢山,6213063476755747
110104197912222596,1,2021-09-10 13:41:33,欎舒,628368056491055105
110100198902022936,1,2021-09-10 13:41:33,邹义悦,6213901937699147
362427196412291522,1,2021-09-10 13:41:33,敖忠以,6228151889204586
11010319680211127X,1,2021-09-10 13:41:33,巫雪,62130702104801133
362421199908062657,1,2021-09-10 13:41:33,家娜,6205021991342755
362402198709031985,1,2021-09-10 13:41:33,狄鹏,5431592176316234
362429197305131133,1,2021-09-10 13:41:33,丘瑾,62227641104105265
110108196201141723,1,2021-09-10 13:41:33,汪信艳,94000223210424785
362426194811181157,1,2021-09-10 13:41:33,暨忠建,52403146731068289
362426200601252605,1,2021-09-10 13:41:33,郗纨,62173421963110977
362429196803042657,1,2021-09-10 13:41:33,景忠凡,3568511050710723107
110106195901052695,1,2021-09-10 13:41:33,和光,62232128171017014
362429195304211511,1,2021-09-10 13:41:33,简上腾,622690103860421096
362427199609112026,1,2021-09-10 13:41:33,元笑荷,404738102333321104
362427195305101610,1,2021-09-10 13:41:33,冀香,6223003987549104
362432197302101543,1,2021-09-10 13:41:33,耿笑丹,6222304071874643
110111200108052695,1,2021-09-10 13:41:33,鄢上娜,623040137461010895
110111196603212625,1,2021-09-10 13:41:33,平真,955965089824816
362427196307312256,1,2021-09-10 13:41:33,卞菊,62299845191310737
36242920130513195X,1,2021-09-10 13:41:33,习友娅,6241003928470848
362426199509112647,1,2021-09-10 13:41:33,古上菊,94006293710488105
362432196204272803,1,2021-09-10 13:41:33,胡素,553161575381022106
110102198507262932,1,2021-09-10 13:41:33,宗好蕊,62227488106529724
362429201111111803,1,2021-09-10 13:41:33,劳环,620058516102105948
110109194804112603,1,2021-09-10 13:41:33,沈利,6250010968935166
362432196012122739,1,2021-09-10 13:41:33,邴礼苑,622384721019071008
362422197509111682,1,2021-09-10 13:41:33,寿浩,62216621056856571
362422196209122765,1,2021-09-10 13:41:33,阙枝,62269156132109105
110102201011142819,1,2021-09-10 13:41:33,虞马波,6207120190939722
110111199407202706,1,2021-09-10 13:41:33,尤贝荷,62276556331817104
362429201401271653,1,2021-09-10 13:41:33,能易伊,37024787070551086
110100197210232858,1,2021-09-10 13:41:33,浦榕,6217413734621130
